{"entities":{"pages":{"intro":{"id":"intro","title":"Flask로 만드는 웹서버","url":"intro.html","level":0,"tabIndex":0},"RESTful-API":{"id":"RESTful-API","title":"RESTful API","url":"restful-api.html","level":0,"pages":["REST-request-elements","HTTP-method"],"tabIndex":1},"REST-request-elements":{"id":"REST-request-elements","title":"REST의 요청 요소들","url":"rest-request-elements.html","level":1,"parentId":"RESTful-API","pages":["JSON"],"tabIndex":0},"JSON":{"id":"JSON","title":"JSON","url":"json.html","level":2,"parentId":"REST-request-elements","pages":["JSON-data-structures","How-to-use-JSON"],"tabIndex":0},"JSON-data-structures":{"id":"JSON-data-structures","title":"데이터 구조","url":"json-data-structures.html","level":3,"parentId":"JSON","tabIndex":0},"How-to-use-JSON":{"id":"How-to-use-JSON","title":"사용되는 방식","url":"how-to-use-json.html","level":3,"parentId":"JSON","tabIndex":1},"HTTP-method":{"id":"HTTP-method","title":"HTTP method","url":"http-method.html","level":1,"parentId":"RESTful-API","tabIndex":1}}},"topLevelIds":["intro","RESTful-API"]}